{"_runtime":3.618298642,"_step":0,"train/global_step":0,"_wandb":{"runtime":6},"profiling/Time taken: GRPOEnvTrainer._move_model_to_vllm":1.411755021996214,"_timestamp":1.7490986110106633e+09}