{"_step":0,"train/global_step":0,"profiling/Time taken: GRPOEnvTrainer._move_model_to_vllm":1.4810848280030768,"_wandb":{"runtime":627},"_timestamp":1.7490992641961765e+09,"_runtime":3.711097299}