{"profiling/Time taken: GRPOEnvTrainer._move_model_to_vllm":1.295825284003513,"_timestamp":1.7491040893249073e+09,"_runtime":3.404355972,"_step":0,"train/global_step":0,"_wandb":{"runtime":26}}