{"train/global_step":0,"_wandb":{"runtime":4},"profiling/Time taken: GRPOEnvTrainer._move_model_to_vllm":1.489931936841458,"_timestamp":1.7490079939305625e+09,"_runtime":3.838972485,"_step":0}