{"_wandb":{"runtime":4},"profiling/Time taken: GRPOEnvTrainer._move_model_to_vllm":1.3069066069999735,"_timestamp":1.7490137078014317e+09,"_runtime":3.555784506,"_step":0,"train/global_step":0}