{"train/global_step":0,"profiling/Time taken: GRPOEnvTrainer._move_model_to_vllm":1.634302826001658,"_timestamp":1.7490916163854284e+09,"_wandb":{"runtime":28},"_runtime":3.708324406,"_step":0}