{"_timestamp":1.7491047422233653e+09,"_runtime":3.589870221,"_step":0,"train/global_step":0,"_wandb":{"runtime":16},"profiling/Time taken: GRPOEnvTrainer._move_model_to_vllm":1.5140398880030261}