{"_runtime":3.4878401869999998,"_step":0,"train/global_step":0,"profiling/Time taken: GRPOEnvTrainer._move_model_to_vllm":1.412485264998395,"_wandb":{"runtime":28},"_timestamp":1.74909407194754e+09}