{"profiling/Time taken: GRPOEnvTrainer._move_model_to_vllm":1.4309768100065412,"_timestamp":1.7490989136717522e+09,"_runtime":3.5850528649999998,"_step":0,"train/global_step":0,"_wandb":{"runtime":6}}